season,round,pick,team,player_name,position,college
2026,1,1,LV,Fernando Mendoza,QB,Indiana
2026,1,2,NYJ,David Bailey,DE,Texas Tech
2026,1,3,ARI,Jeremiyah Love,RB,Notre Dame
2026,1,4,TEN,Carnell Tate,WR,Ohio State
2026,1,5,NYG,Arvell Reese,OLB,Ohio State
2026,1,6,KC,Mansoor Delane,CB,LSU
2026,1,7,WAS,Sonny Styles,OLB,Ohio State
2026,1,8,NO,Jordyn Tyson,WR,Arizona State
2026,1,9,CLE,Spencer Fano,OT,Utah
2026,1,10,NYG,Francis Mauigoa,OT,Miami
2026,1,11,DAL,Caleb Downs,S,Ohio State
2026,1,12,MIA,Kadyn Proctor,OT,Alabama
2026,1,13,LAR,Ty Simpson,QB,Alabama
2026,1,14,BAL,Olaivavega Ioane,OG,Penn State
2026,1,15,TB,Rueben Bain Jr.,DE,Miami
2026,1,16,NYJ,Kenyon Sadiq,TE,Oregon
2026,1,17,DET,Blake Miller,OT,Clemson
2026,1,18,MIN,Caleb Banks,DT,Florida
2026,1,19,CAR,Monroe Freeling,OT,Georgia
2026,1,20,PHI,Makai Lemon,WR,USC
2026,1,21,PIT,Max Iheanachor,OT,Arizona State
2026,1,22,LAC,Akheem Mesidor,DE,Miami
2026,1,23,DAL,Malachi Lawrence,DE,UCF
2026,1,24,CLE,KC Concepcion,WR,Texas A&M
2026,1,25,CHI,Dillon Thieneman,S,Oregon
2026,1,26,HOU,Keylan Rutledge,OG,Georgia Tech
2026,1,27,MIA,Chris Johnson,CB,San Diego State
2026,1,28,NE,Caleb Lomu,OT,Utah
2026,1,29,KC,Peter Woods,DT,Clemson
2026,1,30,NYJ,Omar Cooper Jr.,WR,Indiana
2026,1,31,TEN,Keldric Faulk,DE,Auburn
2026,1,32,SEA,Jadarian Price,RB,Notre Dame
2026,2,33,SF,De'Zhaun Stribling,WR,Mississippi
2026,2,34,ARI,Chase Bisontis,OG,Texas A&M
2026,2,35,BUF,T.J. Parker,DE,Clemson
2026,2,36,HOU,Kayden McDonald,DT,Ohio State
2026,2,37,NYG,Colton Hood,CB,Tennessee
2026,2,38,LV,Treydan Stukes,S,Arizona
2026,2,39,CLE,Denzel Boston,WR,Washington
2026,2,40,KC,R. Mason Thomas,DE,Oklahoma
2026,2,41,CIN,Cashius Howell,DE,Texas A&M
2026,2,42,NO,Christen Miller,DT,Georgia
2026,2,43,MIA,Jacob Rodriguez,OLB,Texas Tech
2026,2,44,DET,Derrick Moore,DE,Michigan
2026,2,45,BAL,Zion Young,DE,Michigan State
2026,2,46,TB,Josiah Trotter,OLB,West Virginia
2026,2,47,PIT,Germie Bernard,WR,Alabama
2026,2,48,ATL,Avieon Terrell,CB,Clemson
2026,2,49,CAR,Lee Hunter,DT,Texas Tech
2026,2,50,NYJ,D'Angelo Ponds,CB,Indiana
2026,2,51,MIN,Jake Golday,OLB,Cincinnati
2026,2,52,GB,Brandon Cisse,CB,South Carolina
2026,2,53,IND,CJ Allen,OLB,Georgia
2026,2,54,PHI,Eli Stowers,TE,Vanderbilt
2026,2,55,NE,Gabe Jacas,DE,Illinois
2026,2,56,JAX,Nate Boerkircher,TE,Texas A&M
2026,2,57,LAR,Logan Jones,C,Iowa
2026,2,58,DEN,Emmanuel McNeil-Warren,S,Toledo
2026,2,59,SEA,Marlin Klein,TE,Michigan
2026,2,60,WAS,Anthony Hill Jr.,OLB,Texas
2026,2,61,DET,Max Klare,TE,Ohio State
2026,2,62,BUF,Davison Igbinosun,CB,Ohio State
2026,2,63,MIN,Jake Slaughter,C,Florida
2026,2,64,GB,Bud Clark,S,TCU
2026,3,65,ARI,Carson Beck,QB,Miami
2026,3,66,DEN,Tyler Onyedim,DT,Texas A&M
2026,3,67,LV,Keyron Crawford,DE,Auburn
2026,3,68,PHI,Markel Bell,OT,Miami
2026,3,69,CHI,Sam Roush,TE,Stanford
2026,3,70,SF,Romello Height,DE,Texas Tech
2026,3,71,WAS,Antonio Williams,WR,Clemson
2026,3,72,CIN,Tacario Davis,CB,Washington
2026,3,73,NO,Oscar Delp,TE,Georgia
2026,3,74,NYG,Malachi Fields,WR,Notre Dame
2026,3,75,MIA,Caleb Douglas,WR,Texas Tech
2026,3,76,PIT,Drew Allar,QB,Penn State
2026,3,77,GB,Chris McClellan,DT,Missouri
2026,3,78,IND,A.J. Haulcy,S,LSU
2026,3,79,ATL,Zachariah Branch,WR,Georgia
2026,3,80,BAL,Ja'Kobi Lane,WR,USC
2026,3,81,JAX,Albert Regis,DT,Texas A&M
2026,3,82,MIN,Domonique Orange,DT,Iowa State
2026,3,83,CAR,Chris Brazzell II,WR,Tennessee
2026,3,84,TB,Ted Hurst,WR,Georgia State
2026,3,85,PIT,Daylen Everette,CB,Georgia
2026,3,86,CLE,Austin Barber,OT,Florida
2026,3,87,MIA,Will Kacmarek,TE,Ohio State
2026,3,88,JAX,Emmanuel Pregnon,OG,Oregon
2026,3,89,CHI,Zavion Thomas,WR,LSU
2026,3,90,SF,Kaelon Black,RB,Indiana
2026,3,91,DET,Trey Zuhn III,C,Texas A&M
2026,3,92,DAL,Jaishawn Barham,DE,Michigan
2026,3,93,LAR,Keagen Trost,OT,Missouri
2026,3,94,MIA,Chris Bell,WR,Louisville
2026,3,95,NE,Eli Raridon,TE,Notre Dame
2026,3,96,PIT,Gennings Dunker,OG,Iowa
2026,3,97,MIN,Caleb Tiernan,OT,Northwestern
2026,3,98,MIN,Jakobe Thomas,S,Miami
2026,3,99,SEA,Julian Neal,CB,Arkansas
2026,3,100,JAX,Jalen Huskey,S,Maryland
2026,4,101,LV,Jermod McCoy,CB,Tennessee
2026,4,103,NYJ,Darrell Jackson Jr.,DT,Florida State
2026,4,106,MIN,Febechi Nwaiwu,OG,Oklahoma
2026,4,107,SF,Gracen Halton,DT,Oklahoma
2026,4,108,DET,Jonah Coleman,RB,Washington
2026,4,109,KC,Jadon Canady,CB,Oregon
2026,4,110,NYJ,Cade Klubnik,QB,Clemson
2026,4,111,NO,Kage Casey,OT,Boise State
2026,4,112,DAL,Drew Shelton,OT,Penn State
2026,4,113,IND,Jalen Farmer,OG,Kentucky
2026,4,114,DAL,Devin Moore,CB,Florida
2026,4,115,IND,Elijah Sarratt,WR,Indiana
2026,4,116,TB,Keionte Scott,CB,Miami
2026,4,117,LAC,Travis Burke,OT,Memphis
2026,4,118,DET,Jimmy Rolder,OLB,Michigan
2026,4,119,CAR,Wesley Williams,DE,Duke
2026,4,120,GB,Dani Dennis-Sutton,DE,Penn State
2026,4,121,PIT,Kaden Wetjen,WR,Iowa
2026,4,122,LV,Mike Washington Jr.,RB,Arkansas
2026,4,123,DEN,Wade Woodaz,OLB,Clemson
2026,4,124,HOU,Malik Muhammad,CB,Texas
2026,4,125,BUF,Skyler Bell,WR,UConn
2026,4,128,CIN,Connor Lew,C,Auburn
2026,4,134,ATL,Kendal Daniels,OLB,Oklahoma
2026,4,135,IND,Bryce Boettcher,OLB,Oregon
2026,4,136,NO,Bryce Lance,WR,North Dakota State
2026,4,137,DAL,LT Overton,DE,Alabama
2026,4,138,MIA,Kyle Louis,OLB,Pittsburgh
2026,5,139,SF,Ephesians Prysock,CB,Washington
2026,5,140,CIN,Colbie Young,WR,Georgia
2026,5,141,HOU,Kamari Ramsey,S,USC
2026,5,142,TEN,Fernando Carmona,OG,Arkansas
2026,5,143,ARI,Reggie Virgil,WR,Texas Tech
2026,5,144,CAR,Sam Hecht,C,Kansas State
2026,5,145,LAC,Nick Barrett,DT,South Carolina
2026,5,146,CLE,Parker Brailsford,C,Alabama
2026,5,147,WAS,Joshua Josephs,DE,Tennessee
2026,5,148,SEA,Beau Stephens,OG,Iowa
2026,5,149,CLE,Justin Jefferson,OLB,Alabama
2026,5,150,LV,Dalton Johnson,S,Arizona
2026,5,151,MIA,Zakee Wheatley,S,Penn State
2026,5,152,CLE,Justin Joly,TE,NC State
2026,5,153,GB,Jager Burton,C,Kentucky
2026,5,154,SF,Jaden Dugger,OLB,Louisiana
2026,5,155,TB,Demonte Capehart,DT,Clemson
2026,5,156,IND,George Gumbs Jr.,DE,Florida
2026,5,158,MIA,Michael Taaffe,S,Texas
2026,5,159,MIN,Max Bredeson,RB,Michigan
2026,5,160,GB,Billy Schrauth,OG,Notre Dame
2026,5,161,PIT,Emmett Johnson,RB,Nebraska
2026,5,162,BAL,Chandler Rivers,CB,Duke
2026,5,164,JAX,Tanner Koziol,TE,Houston
2026,5,165,BUF,Nicholas Singleton,RB,Penn State
2026,5,166,JAX,Keyshaun Elliott,OLB,Arizona State
2026,5,167,BUF,Jalon Kilgore,S,South Carolina
2026,5,168,DET,Kendrick Law,WR,Kentucky
2026,5,169,KC,Riley Nowakowski,TE,Indiana
2026,5,170,CIN,Joe Royer,TE,Cincinnati
2026,5,163,MIN,Charles Demmings,CB,Stephen F. Austin
2026,5,171,NE,Karon Prunty,CB,Wake Forest
2026,5,172,NO,Lorenzo Styles Jr.,S,Ohio State
2026,5,173,BAL,Josh Cuevas,TE,Alabama
2026,5,174,BAL,Adam Randall,RB,Clemson
2026,5,175,LV,Hezekiah Masses,CB,California
2026,5,176,KC,Cyrus Allen,WR,Cincinnati
2026,5,177,MIA,Kevin Coleman Jr.,WR,Missouri
2026,5,178,PHI,Cole Payton,QB,North Dakota State
2026,5,179,SF,Enrique Cruz Jr.,OT,Kansas
2026,5,180,MIA,Seydou Traore,TE,Mississippi State
2026,6,181,BUF,Zane Durant,DT,Penn State
2026,6,182,CLE,Taylen Green,QB,Arkansas
2026,6,183,ARI,Karson Sharar,OLB,Iowa
2026,6,184,TEN,Jackie Marshall,DT,Baylor
2026,6,185,TB,Bauer Sharp,TE,LSU
2026,6,186,NYG,Bobby Jamison-Travis,DT,Auburn
2026,6,187,WAS,Kaytron Allen,RB,Penn State
2026,6,188,NYJ,Anez Cooper,OG,Miami
2026,6,189,CIN,Brian Parker II,C,Duke
2026,6,190,NO,Barion Brown,WR,LSU
2026,6,191,JAX,Josh Cameron,WR,Baylor
2026,6,192,DAL,J.C. Davis,OT,Illinois
2026,6,194,DAL,Pat Coogan,C,Indiana
2026,6,195,TB,Malik Benson,WR,Oregon
2026,6,196,JAX,Dametrious Crownover,OT,Texas A&M
2026,6,198,JAX,Demond Clairborne,RB,Wake Forest
2026,6,199,KC,Emmanuel Henderson Jr.,WR,Kansas
2026,6,200,MIA,DJ Campbell,OG,Texas
2026,6,201,TEN,Domani Jackson,CB,Alabama
2026,6,202,NE,Logan Taylor,OG,Boston College
2026,6,204,LAC,Lewis Bond,WR,Boston College
2026,6,205,ARI,Skyler Gill-Howard,DT,Texas Tech
2026,6,206,LAC,Alex Harkey,OG,Oregon
2026,6,207,PHI,Micah Morris,OG,Georgia
2026,6,208,ATL,Anterio Thompson,DT,Washington
2026,6,209,WAS,Matt Gulbin,C,Michigan State
2026,6,210,PIT,Gabe Rubio,DE,Notre Dame
2026,6,211,BAL,Ryan Eckley,P,Michigan State
2026,6,217,LAR,Jayden Williams,OT,Mississippi
2026,6,218,SEA,Anthony Smith,WR,East Carolina
2026,6,219,DET,TJ Hall,CB,Iowa
2026,6,220,DEN,Toriano Pride Jr.,CB,Missouri
2026,7,221,CIN,Jack Endries,TE,Texas
2026,7,222,DET,Tyre West,DT,Tennessee
2026,7,223,WAS,Athan Kaliakmanis,QB,Rutgers
2026,7,224,PIT,Robert Spears-Jennings,S,Oklahoma
2026,7,225,TEN,Jaren Kanak,TE,Oklahoma
2026,7,226,CIN,Landon Robinson,DT,Navy
2026,7,227,CAR,Jackson Kuwatch,OLB,Miami (OH)
2026,7,228,NYJ,VJ Payne,S,Kansas State
2026,7,229,LV,Brandon Cleveland,DT,NC State
2026,7,230,PIT,Eli Heidenreich,RB,Navy
2026,7,231,IND,Ethan Onianwa,OT,Ohio State
2026,7,232,MIA,Tim Keenan III,DT,Alabama
2026,7,233,SEA,Zach Durfee,DE,Washington
2026,7,234,DEN,Behren Morton,QB,Texas Tech
2026,7,235,BAL,Gavin Gerhardt,C,Cincinnati
2026,7,236,NYG,Andre Fuller,CB,Toledo
2026,7,237,CHI,Seth McGowan,RB,Kentucky
2026,7,238,DET,Max Llewellyn,DE,Iowa
2026,7,239,DET,Tommy Doman,P,Florida
2026,7,240,JAX,Parker Hughes,OLB,Middle Tennessee
2026,7,241,BUF,Ar'maj Reed-Adams,OG,Texas A&M
2026,7,242,SEA,Deven Eastern,DT,Minnesota
2026,7,243,HOU,Aiden Fisher,OLB,Indiana
2026,7,244,PHI,Cole Wisniewski,S,Texas Tech
2026,7,245,NE,Jam Miller,RB,Alabama
2026,7,246,DEN,Miles Scott,CB,Illinois
2026,7,247,NE,Quintayvious Hutchins,DE,Boston College
2026,7,248,CLE,Carsen Ryan,TE,BYU
2026,7,249,KC,Garrett Nussmeier,QB,LSU
2026,7,250,BAL,Rayshaun Benny,DT,Michigan
2026,7,253,BAL,Evan Beerntsen,OG,Northwestern
2026,7,254,IND,Deion Burks,WR,Oklahoma
2026,7,256,DEN,Dallen Bentley,TE,Utah
2026,7,257,DEN,Red Murdock,OLB,Buffalo
